TEAM_ID,TEAM_NAME,GP,W,L,W_PCT,MIN,FGM,FGA,FG_PCT,FG3M,FG3A,FG3_PCT,FTM,FTA,FT_PCT,OREB,DREB,REB,AST,TOV,STL,BLK,BLKA,PF,PFD,PTS,PLUS_MINUS,GP_RANK,W_RANK,L_RANK,W_PCT_RANK,MIN_RANK,FGM_RANK,FGA_RANK,FG_PCT_RANK,FG3M_RANK,FG3A_RANK,FG3_PCT_RANK,FTM_RANK,FTA_RANK,FT_PCT_RANK,OREB_RANK,DREB_RANK,REB_RANK,AST_RANK,TOV_RANK,STL_RANK,BLK_RANK,BLKA_RANK,PF_RANK,PFD_RANK,PTS_RANK,PLUS_MINUS_RANK,E_OFF_RATING,OFF_RATING,E_DEF_RATING,DEF_RATING,E_NET_RATING,NET_RATING,AST_PCT,AST_TO,AST_RATIO,OREB_PCT,DREB_PCT,REB_PCT,TM_TOV_PCT,EFG_PCT,TS_PCT,E_PACE,PACE,PACE_PER40,POSS,PIE,OFF_RATING_RANK,DEF_RATING_RANK,NET_RATING_RANK,AST_PCT_RANK,AST_TO_RANK,AST_RATIO_RANK,OREB_PCT_RANK,DREB_PCT_RANK,REB_PCT_RANK,TM_TOV_PCT_RANK,EFG_PCT_RANK,TS_PCT_RANK,PACE_RANK,PIE_RANK
1610612737,Atlanta Hawks,82,60,22,0.732,3946.0,3121,6699,0.466,818,2152,0.38,1349,1735,0.778,715,2611,3326,2111,1167.0,744,380,404,1457,1611,8409,445.0,1,2,2,2,26,10,27,4,5,7,2,19,24,5,30,22,28,2,16,5,15,18,1,20,10,4,106.2,108.2,100.7,102.3,5.6,5.9,0.676,1.81,19.5,0.264,0.697,0.487,0.15,0.527,0.563,96.2,94.66,78.88,7775,0.54,6,5,4,1,3,2,30,22,27,17,3,3,15,3
1610612738,Boston Celtics,82,40,42,0.488,3976.0,3193,7211,0.443,660,2021,0.327,1266,1678,0.754,910,2685,3595,2009,1133.0,674,294,431,1738,1545,8312,13.0,1,16,16,16,8,5,1,21,13,13,27,28,27,14,12,11,13,4,10,8,30,21,20,26,13,18,101.7,103.8,102.1,103.5,-0.4,0.3,0.629,1.77,18.0,0.289,0.71,0.495,0.142,0.489,0.523,98.4,96.71,80.59,8007,0.498,19,12,16,3,4,6,15,16,18,6,22,23,5,18
1610612739,Cleveland Cavaliers,82,53,29,0.646,3956.0,3089,6739,0.458,826,2253,0.367,1453,1934,0.751,911,2612,3523,1814,1171.0,603,340,368,1510,1685,8457,367.0,1,7,7,7,23,15,24,8,4,2,5,9,12,18,11,21,18,10,17,19,25,10,5,11,8,5,107.7,110.1,104.1,105.3,3.7,4.8,0.587,1.55,17.1,0.311,0.711,0.513,0.152,0.52,0.557,94.8,93.23,77.69,7682,0.514,4,18,5,13,16,9,6,15,6,19,4,4,25,10
1610612740,New Orleans Pelicans,82,45,37,0.549,3956.0,3108,6795,0.457,586,1583,0.37,1345,1790,0.751,942,2621,3563,1806,1087.0,553,510,475,1530,1533,8147,65.0,1,13,13,13,23,11,19,10,19,23,4,20,20,17,10,19,16,11,6,25,1,28,6,29,16,13,105.4,107.1,104.7,106.3,0.7,0.8,0.581,1.66,17.1,0.309,0.712,0.511,0.143,0.501,0.537,93.7,92.29,76.91,7608,0.508,9,22,13,16,8,8,8,13,8,10,11,12,27,13
1610612741,Chicago Bulls,82,50,32,0.61,3976.0,3001,6797,0.442,645,1825,0.353,1618,2067,0.783,959,2792,3751,1781,1145.0,514,476,443,1495,1736,8265,246.0,1,9,9,9,8,23,18,22,15,16,10,3,4,3,6,7,3,14,12,28,5,25,4,6,15,10,104.7,106.3,101.5,103.3,3.3,3.0,0.593,1.56,16.6,0.312,0.709,0.516,0.147,0.489,0.536,95.4,93.8,78.17,7775,0.529,11,11,11,11,15,14,5,17,4,15,21,14,19,6
1610612742,Dallas Mavericks,82,50,32,0.61,3976.0,3255,7036,0.463,732,2082,0.352,1386,1843,0.752,858,2608,3466,1846,1062.0,663,371,314,1644,1816,8628,238.0,1,9,9,9,8,2,8,5,7,8,13,15,16,16,20,23,23,8,4,10,20,4,15,2,3,11,107.2,108.2,103.7,104.9,3.5,3.2,0.567,1.74,17.0,0.269,0.681,0.477,0.133,0.515,0.55,97.4,96.4,80.34,7976,0.521,5,17,9,20,6,10,28,30,30,3,6,7,8,9
1610612743,Denver Nuggets,82,30,52,0.366,3976.0,3099,7158,0.433,660,2032,0.325,1462,1991,0.734,1012,2653,3665,1788,1166.0,641,367,504,1882,1698,8320,-291.0,1,24,24,24,8,13,2,26,13,12,28,8,8,24,3,12,7,13,15,14,21,29,30,10,12,24,101.6,103.9,105.5,107.1,-3.9,-3.3,0.577,1.53,16.2,0.303,0.7,0.494,0.146,0.479,0.518,98.7,96.87,80.72,8011,0.465,18,26,23,17,17,20,10,20,20,12,25,24,4,25
1610612744,Golden State Warriors,82,67,15,0.817,3946.0,3410,7137,0.478,883,2217,0.398,1313,1709,0.768,853,2814,3667,2248,1185.0,762,496,293,1628,1541,9016,828.0,1,1,1,1,26,1,3,1,2,4,1,23,26,9,23,4,6,1,18,4,2,2,13,27,1,1,109.7,110.4,98.2,100.4,11.4,9.9,0.659,1.9,19.7,0.273,0.703,0.498,0.145,0.54,0.571,100.7,99.28,82.74,8170,0.569,2,1,1,2,2,1,24,18,14,11,1,1,1,1
1610612745,Houston Rockets,82,56,26,0.683,3961.0,3032,6832,0.444,933,2680,0.348,1525,2133,0.715,958,2624,3582,1820,1366.0,777,407,437,1803,1730,8522,282.0,1,3,3,3,20,21,12,20,1,1,14,5,2,27,7,18,14,9,28,3,10,22,27,7,6,7,104.2,106.0,100.5,102.6,3.7,3.4,0.6,1.33,16.5,0.305,0.686,0.496,0.17,0.512,0.548,99.3,97.36,81.14,8037,0.509,12,7,8,10,27,16,9,27,17,28,7,8,2,12
1610612746,Los Angeles Clippers,82,56,26,0.683,3946.0,3228,6830,0.473,827,2202,0.376,1468,2067,0.71,784,2711,3495,2031,1012.0,640,409,245,1749,1766,8751,540.0,1,3,3,3,26,3,13,2,3,5,3,7,4,28,28,10,20,3,2,15,9,1,24,3,2,2,109.8,111.6,103.0,104.7,6.9,6.9,0.629,2.01,18.7,0.272,0.716,0.497,0.129,0.533,0.565,97.0,95.4,79.5,7844,0.54,1,16,2,4,1,3,26,9,15,2,2,2,11,4
1610612747,Los Angeles Lakers,82,21,61,0.256,3986.0,3054,7020,0.435,532,1546,0.344,1433,1935,0.741,952,2647,3599,1715,1086.0,578,366,396,1741,1589,8073,-561.0,1,27,27,27,3,19,9,25,25,25,17,12,11,23,8,13,12,21,5,22,22,17,21,23,19,27,100.8,102.3,108.0,109.4,-7.2,-7.1,0.562,1.58,15.9,0.29,0.72,0.497,0.138,0.473,0.513,96.3,95.03,79.19,7892,0.45,24,29,27,24,14,24,13,7,16,5,26,27,13,28
1610612748,Miami Heat,82,37,45,0.451,3946.0,2885,6330,0.456,556,1659,0.335,1438,1940,0.741,747,2461,3208,1626,1214.0,642,372,359,1636,1715,7764,-213.0,1,21,21,21,26,28,30,11,21,19,24,11,10,22,29,28,30,30,21,13,18,8,14,8,27,21,101.5,103.2,103.8,106.1,-2.4,-3.0,0.564,1.34,16.1,0.284,0.687,0.489,0.161,0.5,0.54,93.3,91.49,76.24,7526,0.492,21,21,22,22,26,23,20,25,26,25,12,11,29,19
1610612749,Milwaukee Bucks,82,41,41,0.5,3986.0,3083,6722,0.459,545,1500,0.363,1312,1734,0.757,876,2574,3450,1932,1373.0,789,403,392,1814,1649,8023,35.0,1,15,15,15,3,16,26,7,23,26,7,24,25,12,17,25,24,7,29,1,11,16,28,17,22,15,100.5,102.0,99.3,101.4,1.2,0.6,0.627,1.41,17.8,0.29,0.686,0.491,0.175,0.499,0.536,96.5,94.82,79.02,7867,0.511,25,4,15,6,22,7,14,26,21,29,13,15,14,11
1610612750,Minnesota Timberwolves,82,16,66,0.195,3961.0,2986,6820,0.438,406,1223,0.332,1638,2110,0.776,949,2406,3355,1771,1231.0,668,327,449,1571,1751,8016,-721.0,1,30,30,30,20,25,16,24,30,30,25,2,3,6,9,30,27,16,23,9,27,26,10,5,23,28,99.8,101.8,109.6,110.9,-9.8,-9.1,0.593,1.44,16.3,0.311,0.682,0.489,0.156,0.468,0.517,97.0,95.45,79.54,7873,0.453,26,30,29,12,21,18,7,29,24,21,28,25,10,27
1610612751,Brooklyn Nets,82,38,44,0.463,3986.0,3069,6804,0.451,541,1633,0.331,1359,1817,0.748,846,2627,3473,1716,1133.0,576,340,372,1579,1641,8038,-236.0,1,18,18,18,3,18,17,16,24,20,26,18,18,20,24,17,22,20,10,23,25,11,11,18,21,22,101.9,103.4,105.0,106.3,-3.1,-3.0,0.559,1.51,16.3,0.278,0.701,0.491,0.146,0.491,0.529,95.0,93.69,78.07,7777,0.48,20,23,21,25,19,19,23,19,22,13,18,20,20,23
1610612752,New York Knicks,82,17,65,0.207,3971.0,2882,6726,0.428,560,1614,0.347,1211,1575,0.769,867,2443,3310,1746,1206.0,575,382,353,1768,1564,7535,-764.0,1,29,29,29,13,29,25,28,20,21,15,29,29,8,18,29,29,19,20,24,14,7,25,25,30,30,97.1,98.9,107.2,109.0,-10.1,-10.1,0.606,1.45,16.7,0.289,0.691,0.484,0.158,0.47,0.508,93.7,92.06,76.72,7618,0.441,29,28,30,9,20,13,16,23,28,24,27,28,28,29
1610612753,Orlando Magic,82,25,57,0.305,3951.0,3076,6792,0.453,554,1598,0.347,1141,1565,0.729,822,2607,3429,1692,1221.0,647,314,441,1714,1467,7847,-469.0,1,26,26,26,25,17,20,14,22,22,16,30,30,25,25,24,25,23,22,12,29,24,19,30,25,26,99.6,101.0,105.2,106.8,-5.6,-5.9,0.55,1.39,16.2,0.269,0.716,0.491,0.157,0.494,0.524,95.9,94.51,78.76,7773,0.455,27,24,26,27,24,21,29,8,23,22,16,21,16,26
1610612754,Indiana Pacers,82,38,44,0.463,3971.0,2998,6824,0.439,612,1740,0.352,1373,1817,0.756,856,2822,3678,1757,1147.0,505,375,386,1742,1754,7981,23.0,1,18,18,18,13,24,15,23,17,18,12,16,18,13,21,3,5,18,14,29,17,14,22,4,24,16,100.8,102.9,100.9,102.7,-0.1,0.2,0.586,1.53,16.6,0.286,0.735,0.511,0.148,0.484,0.523,95.5,93.67,78.06,7753,0.505,23,8,17,14,18,15,19,2,7,16,23,22,22,16
1610612755,Philadelphia 76ers,82,18,64,0.22,3961.0,2765,6777,0.408,692,2160,0.32,1320,1953,0.676,978,2536,3514,1683,1453.0,789,487,454,1778,1657,7542,-736.0,1,28,28,28,20,30,22,30,11,6,29,22,9,30,5,26,19,24,30,1,4,27,26,16,29,29,93.0,94.9,102.1,103.9,-9.1,-9.0,0.609,1.16,15.5,0.293,0.686,0.48,0.183,0.459,0.494,98.3,96.45,80.37,7950,0.426,30,13,28,8,30,27,12,28,29,30,29,30,7,30
1610612756,Phoenix Suns,82,39,43,0.476,3976.0,3178,7038,0.452,698,2048,0.341,1343,1767,0.76,896,2643,3539,1659,1238.0,700,385,337,1744,1664,8397,-74.0,1,17,17,17,8,7,6,15,10,10,21,21,21,11,13,14,17,27,25,6,12,5,23,14,11,19,102.9,104.2,103.4,105.3,-0.5,-1.1,0.522,1.34,15.4,0.281,0.698,0.489,0.154,0.501,0.537,98.7,97.2,81.0,8058,0.491,17,19,20,30,25,29,22,21,25,20,10,13,3,20
1610612757,Portland Trail Blazers,82,51,31,0.622,3971.0,3175,7049,0.45,807,2231,0.362,1272,1589,0.801,879,2881,3760,1799,1117.0,525,372,297,1494,1534,8429,347.0,1,8,8,8,13,8,5,17,6,3,8,27,28,1,16,1,2,12,9,27,18,3,2,28,9,6,105.5,107.1,101.4,102.8,4.2,4.3,0.567,1.61,16.8,0.282,0.728,0.51,0.142,0.508,0.544,96.5,95.06,79.22,7868,0.522,8,9,6,21,11,12,21,5,9,7,9,9,12,8
1610612758,Sacramento Kings,82,29,53,0.354,3971.0,3010,6617,0.455,461,1350,0.341,1829,2400,0.762,895,2728,3623,1667,1333.0,550,324,508,1696,1958,8310,-304.0,1,25,25,25,13,22,28,13,28,28,20,1,1,10,14,9,9,26,27,26,28,30,16,1,14,25,102.5,104.5,106.5,108.2,-4.0,-3.7,0.554,1.25,15.5,0.313,0.715,0.519,0.168,0.49,0.542,97.9,96.16,80.13,7952,0.485,14,27,25,26,29,28,4,11,3,26,19,10,9,21
1610612759,San Antonio Spurs,82,55,27,0.671,3991.0,3208,6854,0.468,677,1847,0.367,1368,1754,0.78,806,2772,3578,2000,1146.0,657,444,362,1564,1613,8461,508.0,1,5,5,5,1,4,11,3,12,15,6,17,23,4,27,8,15,5,13,11,8,9,8,19,7,3,106.2,107.6,99.6,101.4,6.6,6.3,0.623,1.75,18.4,0.272,0.73,0.507,0.146,0.517,0.555,95.9,94.45,78.71,7860,0.545,7,3,3,7,5,4,25,3,10,14,5,5,17,2
1610612760,Oklahoma City Thunder,82,45,37,0.549,3966.0,3184,7119,0.447,632,1864,0.339,1524,2020,0.754,1052,2844,3896,1681,1205.0,598,454,377,1829,1675,8524,179.0,1,13,13,13,18,6,4,18,16,14,23,6,6,15,1,2,1,25,19,21,6,12,29,12,5,12,104.5,106.7,103.1,104.6,1.3,2.1,0.528,1.4,15.3,0.318,0.73,0.524,0.151,0.492,0.532,98.3,96.61,80.51,7988,0.505,10,15,12,29,23,30,2,4,2,18,17,17,6,17
1610612761,Toronto Raptors,82,49,33,0.598,3971.0,3108,6829,0.455,726,2060,0.352,1585,2014,0.787,881,2526,3407,1701,1057.0,615,357,413,1712,1668,8527,252.0,1,11,11,11,13,11,14,12,8,9,11,4,7,2,15,27,26,22,3,18,23,19,18,13,4,9,108.1,110.2,104.8,107.1,3.2,3.1,0.547,1.61,16.1,0.301,0.689,0.494,0.137,0.508,0.553,95.4,93.46,77.88,7736,0.506,3,25,10,28,12,22,11,24,19,4,8,6,23,15
1610612762,Utah Jazz,82,38,44,0.463,3941.0,2900,6492,0.447,610,1781,0.343,1391,1929,0.721,988,2617,3605,1632,1256.0,623,489,382,1583,1604,7801,18.0,1,18,18,18,30,27,29,19,18,17,19,14,13,26,4,20,11,29,26,16,3,13,12,22,26,17,102.5,104.2,102.1,104.1,0.5,0.1,0.563,1.3,15.8,0.332,0.715,0.524,0.168,0.494,0.531,92.8,91.1,75.91,7486,0.507,16,14,18,23,28,26,1,12,1,27,15,19,30,14
1610612763,Memphis Grizzlies,82,55,27,0.671,3981.0,3097,6763,0.458,423,1246,0.339,1445,1869,0.773,856,2634,3490,1777,1094.0,700,347,424,1567,1662,8062,266.0,1,5,5,5,6,14,23,9,29,29,22,10,14,7,21,15,21,15,7,6,24,20,9,15,20,8,103.1,104.8,99.9,101.2,3.1,3.5,0.574,1.62,16.9,0.288,0.716,0.503,0.142,0.489,0.531,94.2,92.82,77.35,7696,0.53,13,2,7,18,9,11,18,10,12,9,20,18,26,5
1610612764,Washington Wizards,82,46,36,0.561,3991.0,3139,6790,0.462,497,1381,0.36,1305,1758,0.742,862,2801,3663,1969,1233.0,601,378,350,1707,1610,8080,59.0,1,12,12,12,1,9,21,6,27,27,9,25,22,21,19,5,8,6,24,20,16,6,17,21,17,14,101.8,103.0,100.0,102.4,1.9,0.6,0.627,1.6,18.1,0.288,0.726,0.514,0.157,0.499,0.534,96.0,94.29,78.58,7844,0.525,22,6,14,5,13,5,17,6,5,23,14,16,18,7
1610612765,Detroit Pistons,82,32,50,0.39,3966.0,3041,7038,0.432,703,2043,0.344,1292,1838,0.703,1051,2630,3681,1771,1099.0,623,383,391,1559,1584,8077,-82.0,1,23,23,23,18,20,6,27,9,11,18,26,17,29,2,16,4,16,8,16,13,15,7,24,18,20,102.3,104.3,104.2,105.4,-1.8,-1.1,0.582,1.61,16.4,0.316,0.712,0.505,0.142,0.482,0.515,95.2,93.68,78.07,7741,0.478,15,20,19,15,10,17,3,14,11,8,24,26,21,24
1610612766,Charlotte Hornets,82,33,49,0.402,3981.0,2913,6932,0.42,498,1566,0.318,1397,1867,0.748,820,2793,3613,1654,976.0,499,448,440,1494,1708,7721,-260.0,1,22,22,22,6,26,10,29,26,24,30,13,15,19,26,6,10,28,1,30,7,23,2,9,28,23,97.6,99.6,101.0,103.0,-3.4,-3.4,0.568,1.69,15.8,0.27,0.746,0.502,0.126,0.456,0.498,95.3,93.45,77.87,7753,0.482,28,10,24,19,7,25,27,1,13,1,30,29,24,22
